image_id,classe
e37001f6-d230-4588-aedb-bd896084d671.png,2
56689e24-fe39-4df5-be2e-e0669e30d1d6.png,2
0c9f82ad-a7f5-4ee0-9f20-90333608428a.png,0
d5471932-3e03-45ea-a3bd-916be674b2ca.png,1
b8d8e96c-ca54-41d7-a2ab-a713e5a79d2f.png,0
3ea0dd43-cc7a-4886-9d4f-6de87a91e144.png,0
1d5f9ff2-a5d3-49af-9ae6-c21b111139c1.png,1
6595fa90-4584-4215-8e30-20b68815251c.png,2
46997fc2-7de5-4d45-8b00-ebbfaf0545d3.png,2
019db91e-3c7f-4fd1-93e2-63471ac33967.png,2
3aa74acf-50b4-427c-ab43-bd837c4e1b98.png,1
4e0d4d6f-f324-44fd-8f13-72bbdb55667b.png,0
8fca9026-a738-40e8-9f3d-0200c5acf275.png,2
e37355f3-0378-45ba-a603-e8cd52eef7f2.png,1
c6573806-3841-4305-925d-5ccda8f5314f.png,0
a93dbf91-66bb-4d3c-acad-002a62a765d3.png,0
496d4895-c8d7-425c-823b-576b0ead4e04.png,0
922731e9-3aaf-4187-a638-4b25a9f9f36c.png,2
a82762b4-7939-49cd-b858-2767d4031364.png,0
505739f3-1031-4582-a2d8-84ee5d89378c.png,0
79e49119-ca6e-4d5a-86df-90fbbb01e392.png,1
405d861c-5184-4088-9c8d-5e9d0b874724.png,2
2c9d9b63-cc9d-419c-929d-dfde9194d072.png,2
113a19a0-a8e1-4405-a04f-3f5cefd10af8.png,2
fa33dec0-6d99-45f0-9623-6b475e4815f7.png,1
13d69792-126f-45ed-8485-e60db86ad0f8.png,2
ac58d464-eb16-4eb0-8434-917090f43724.png,2
4588d5c7-6da2-49e0-9477-7e31579bca3c.png,0
aba78b51-eeef-465f-91cf-b23504540420.png,1
603fea1d-b88c-4cbc-9383-f05717610223.png,0
97477da7-3626-4c14-bc19-9ebc97a92b57.png,1
7f2487bc-8c10-4bc1-b36b-8385522fb6b0.png,1
0f6924f3-2f53-4a9f-8e0a-e1dd5b95ae5e.png,2
cfab07f4-0022-494c-8dad-77367a272eb3.png,2
2b31b5e7-40ed-4d57-84a6-24f3231830a3.png,0
aaaa7602-2886-415f-b9f4-fbcd6f41bc23.png,0
ddebaa54-9f6c-407f-9234-f67203d11260.png,1
22cdf6a0-1899-4d8c-bf02-671ba6eb5efa.png,0
2650d902-16fd-4c70-a960-bd87ba9d64d4.png,0
33a83451-f0d8-41ad-92c3-3d134eb71327.png,0
b7696e0e-c07c-4f32-be5f-e7f59252a620.png,1
9ecc4181-f256-4a65-a7eb-7bae6e143f9d.png,0
910813b5-882f-4c64-b677-450f674dfb85.png,1
094d4b8a-67ee-47f2-b433-005aa5b33e2e.png,1
797d3028-85f1-4c46-b473-bdb490ff3e09.png,0
6d2616e2-2a3b-473f-92fe-55f53732d5fe.png,2
3b38102b-7bdf-4546-a4a8-844f7d94a6ce.png,2
fc2edb04-9a18-40e8-8c42-82cd1474849f.png,2
7016e105-21c1-46e7-af74-b072c53ee9f9.png,0
c3bf7d44-acc9-474d-a3af-f1a4a6ebb88c.png,1
56d07ef3-f58a-4328-b5db-9c81073fdf7f.png,1
87c97761-f6bd-4f6e-93a7-9138b2093314.png,2
a6145f1b-79a3-46a8-9f23-a1b588e65e96.png,1
3cbb32de-5a37-4e11-ab9c-7d7c8b713ce4.png,1
353fce99-ef9b-409b-a32c-ceaed7357f9d.png,0
9258b0c0-af58-4559-a186-ef6ff0d20481.png,0
b166681c-b2c2-4691-aa74-b216e66d8edc.png,2
9a452aca-1d83-45f3-b3f8-cf8c4f0b6127.png,1
61d9e819-c51c-4229-a145-676d17795b66.png,0
07e79181-3039-4a9f-8f0b-5593542d4393.png,1
b99eec19-ac0f-413a-8332-d1b9f42d157f.png,1
55ba1dfe-a30e-4e97-9406-1f23c91f8d86.png,0
250d235f-1feb-41e7-bbb1-591b2e832bbe.png,1
960a3974-1efd-493b-a896-0c250bb1bad8.png,1
060556e8-d798-4e8b-9a1a-e46111ba91f9.png,2
cebbdf91-7c7d-4f90-995e-f944c64be810.png,1
4864d025-fe41-4620-85b4-a13e60cd8424.png,2
ccaeb64c-74c2-411d-a3dc-896e902369ab.png,2
01c363cd-7add-4695-88ba-47a9ebf1f6a4.png,2
23e96b81-004e-4721-8cc8-fa21b601e5b2.png,0
76da3747-8fae-4492-b7d9-f6056bbdcd3d.png,2
8b75190c-4f26-4e21-8e61-2e346548dfc8.png,1
7f14d81c-6f6d-48c6-8334-33e0aa566d79.png,0
72a4bac6-9288-48f6-8c38-f15a66a247b7.png,2
4f3c0388-ec61-43eb-b33c-4dee97d47986.png,1
6b775489-16ca-4742-b0e5-2458e2832379.png,1
e3f9899a-62ba-4966-b388-cf1bd0f383cd.png,2
fd987761-b0cc-4109-ad37-a68058f99bf7.png,1
54a3e5ae-db9f-458f-81c6-444b08a575c4.png,1
3e881490-681d-432b-85e6-d7080874688e.png,2
3878a369-b2f3-4c00-9092-74705a5e6d18.png,2
96bfbee0-09a2-4373-b2fd-73447862f1cf.png,2
45bbfb02-f99c-498f-a2d8-d220bd36a04a.png,2
2fbc9834-9dd0-4cde-ad37-45e890a6dffe.png,1
143e77c2-70fe-4e06-b6e3-1e8ef67fb352.png,0
90c031a8-a28e-4ff6-a1fa-b7e41c230f19.png,2
91be48c3-2329-4406-9bac-0279a66b3d83.png,0
52335cad-3905-4fc0-a151-f6edb2297aff.png,2
5ef75904-b1d9-4480-8caf-014434b51e65.png,1
020978dc-b811-4c26-b748-9b6b97f3d71d.png,2
1c30f3f5-598a-4bd1-9e35-b2472de3153d.png,0
7671b52a-293d-4fae-876d-9b132958d9ab.png,1
6d33758b-34d4-4b34-aca6-dd4b69dcce11.png,0
140f9b24-fcc9-46c6-bc19-ef424cb9c5c6.png,0
4a3c2fe2-9d34-4254-9063-317dda738817.png,0
d99598fb-9eea-4337-8646-f5c1ea89cc6d.png,2
c37180d4-91e6-40dd-972a-bf118f415cf0.png,2
59432772-64ba-42bf-9c99-f2bc55dcb8a8.png,0
a84f3d75-69f8-46b9-881d-07d0ec2fb9e6.png,2
f8ed8b6a-4c6c-4d6d-bf7d-d3136f438da3.png,2
dfe9a6ee-4300-4c97-80f3-beb154959740.png,1
4acafd79-ec60-4353-b12d-2edce6b03b0d.png,2
b5836d91-4eb1-4673-b8ae-1b31becde24c.png,0
caad515c-12af-4aeb-891a-c2f241e4d392.png,0
1f0e523d-9cab-4954-8e2b-952ee58d55cb.png,2
9a7db4b4-ed91-4b55-91c3-3f136540ecd1.png,0
9b828fab-c0c3-4528-be9d-547a96ce7d17.png,1
f1db228c-b4a7-4a99-9572-d4083e11bb31.png,0
940cbc1d-469a-49ee-822b-a8e9db93db00.png,2
932df381-39f6-449b-88fb-95d1736d8da9.png,0
68f06068-e087-4259-8507-1307e183cfa3.png,1
c252714e-869c-4fdd-8465-a8d7438806fe.png,1
b31985d0-a84a-4aee-9636-a89dad0fc0f7.png,0
397ab7cc-2567-44d6-abdc-c3d78fb51ba1.png,2
80210c15-5404-411d-97e3-e23f0c38f74b.png,0
b91340e3-9afe-48a7-a0d8-82e46b8d8642.png,1
37f15695-ef67-486a-b93a-502f7a1e827a.png,2
d14c6d19-ab44-4946-935b-cc84fd030266.png,0
e1e0d3d7-c541-4a01-a47d-d853887e649d.png,1
ef0abbd0-dbae-449d-9527-b10285bb0541.png,0
285e9704-3fca-4417-9989-cdb9450513d0.png,0
ff69af1c-020a-48a8-b7a3-79871a8645c4.png,0
720f1c3d-922d-42ff-829f-aa8fe4eb5ab9.png,1
2c5fd1ca-b0f7-42d8-8fab-0fb8210bf60a.png,0
c2fdb44a-7a8e-454f-9c44-91791d7a0bd0.png,1
4d25d614-53aa-443a-ba9b-2b2c0b191955.png,0
5905fd87-84c1-4470-9a04-23dfe634727d.png,2
b5b2872b-a15b-493e-897d-1e5c3155dc87.png,2
5630899b-5edb-493e-a9ad-2a79c8cc684d.png,1
21c4f6d5-95ea-478b-8ce3-edb778fd780c.png,1
098bfdfb-202b-40d1-871a-5cecdbf0d42a.png,1
4d40e14f-0afc-42bc-8299-e3553e933783.png,2
d92757a8-6ece-4ce9-9112-448d473407a3.png,0
10681724-edcc-4a95-a1aa-142d4dec48e4.png,0
3933c2ed-9c66-45cd-b939-8e8e25fc57c7.png,1
0702c1db-d2ad-4a48-8dfa-c4c9910af69d.png,0
dfe88339-bcbf-4a3d-a5b1-7208243517e0.png,0
c75e769c-22e8-443e-9b4c-80a75b13d748.png,2
dd20525e-bbdc-4d1f-b43b-f9ce1d63734c.png,1
64bb419d-dbc4-4cdd-9554-5bb97622f59a.png,2
b4fc8fdd-875d-44cb-9b32-7b4edd44051b.png,1
54ad2b86-30b8-44e1-a440-4fef984bbbba.png,0
ad735097-a0c4-4637-965e-a7b89514e86e.png,1
0097d5f0-f6be-4f8c-b8aa-9c52d6eee772.png,0
f889c78a-6e24-4a6b-b09e-a0d08e2d33d0.png,1
92dba65f-ec35-4d88-9431-9083ce60cada.png,1
119bd998-f1c3-420d-b7e9-1ea49c0723c4.png,0
8d73f2a6-5c49-4ad1-b4b0-601442d6e3c8.png,2
b21d856b-4266-44cf-b06c-4d844c60507b.png,1
38a6484c-634c-442f-a584-387553c70de6.png,2
ef3e9770-390a-4185-928d-fb8215ab1a47.png,1
0c4d862e-5ef8-4a9b-8cfc-a54b8ac31e08.png,2
e3e7589e-4bef-42f1-b467-73fbe2908a40.png,0
684b1568-d42d-4055-b0c4-31e62efe4238.png,2
bda91c8a-abb6-4c94-aecb-343b28569821.png,1
3fa83ff8-dba4-444b-8892-80fd22bf52d3.png,2
4af1ff74-751f-4c03-8f5d-f42331e5266a.png,2
3539bd22-6815-4607-83df-1c142ee066ca.png,0
4d1f3b9a-04ca-4bf5-9b97-9060a7f12456.png,1
b6d62dfd-7365-4790-a9cd-17503b63be00.png,0
bdcfc42b-8122-41db-aa6a-58b294568b74.png,1
a874d557-cd0e-4708-acbf-81d4b1720b65.png,2
8a4f48b2-d251-43ad-880b-dbd7657050ee.png,1
8d5af123-085d-47e6-872c-5869d4c933f2.png,2
f3151b0a-fd13-4ac5-a6cf-af54ca9dc28c.png,1
b5356bf3-b5f4-449f-9054-b5baa6b02299.png,1
dc404104-91af-4892-a40f-f1c4e5ae01ed.png,1
9523175b-c0d5-4c17-a1a5-564247d41385.png,2
e2d8d2e6-272a-44fa-8cd4-dd15f592478d.png,1
a589c017-16f4-46b5-a760-a7dfce01fa3f.png,0
702adf3b-7cbf-46b4-b8e7-4535a9a45be4.png,0
773fbb30-107d-4224-893a-55d2e3a71aee.png,1
099c3693-fe59-489f-b035-fa61437478bd.png,2
518ba376-d76a-4c03-b534-f5214d564ca1.png,1
895c186b-3a77-4b80-a7b8-f1780ef6465e.png,0
5dda5439-d5af-44fe-8a97-8dfacb3f99af.png,1
2977fb6e-29d2-45d6-8c03-b6d6f27eec3b.png,2
f1bef588-9c08-41d4-8f20-2a19d0a836ae.png,2
569d7aeb-640e-40e7-ac10-56b347c3c463.png,0
5636d3b7-c069-47d3-b2cd-fdd02e616bd7.png,0
ec1aa530-c0ff-4bc4-9f44-9bffbad65109.png,1
33777a82-32ef-483d-a8d3-e1aac23f2471.png,2
273fd952-fe77-49f9-8533-4baf222b8537.png,2
0262bf90-3bd8-4e22-8b0f-ab8e9fa4ce21.png,0
5487452b-226a-4b48-8428-6ad922e40b50.png,1
1b993f82-fdd3-4eea-92d8-8eb166b9ce27.png,0
028ccae1-e0b8-4731-b454-4a6a372cba50.png,1
32803153-382e-40e8-859f-99d73acf0cbf.png,1
70e39ecb-77ec-4430-a885-ca4740ee7a6e.png,1
1f737931-b137-4223-bbeb-914b115626bb.png,1
c88736e9-6d82-4f0b-a6a1-9ff8ab9a9585.png,0
d0d74aa0-eecc-4146-9d7d-c0fd74cfb32b.png,0
6d473b55-db1c-41cb-b002-983102bda3a7.png,2
9c137f71-7a77-44de-86a1-c1ef2459bf96.png,0
d057358d-c03b-4a8e-98ed-77989c266a1b.png,2
bf96abad-e60d-4941-bfc6-8e1450b034fd.png,1
a44a0d54-472a-4d93-ac6e-7aa80e81a1fd.png,2
1407a94b-0e59-4ba4-b5ea-7f1e5ec51b50.png,0
e9052c4b-2c4c-4385-a74c-87ebf10a373d.png,2
8e5e71c5-94eb-4e5d-bc16-5b0e3b17b288.png,2
7cd5babe-d0e9-4e5d-8220-f0b6c5035b6c.png,1
377f35c1-076f-432f-bc28-29392bae3b70.png,0
f365185d-eafb-4b2c-b77c-32c24556a328.png,0
2086ba87-0bf2-498c-a1be-4ca5cadaf90f.png,1
116f176a-755d-4764-8bc6-fdb98a497bbd.png,1
94deff78-ccaf-419b-b8e2-74d8f250f86c.png,0
ffd8ca90-cc12-444b-bdcc-5163cf3b5aa8.png,1
17430eff-0431-4773-8544-3fb6ead24b3d.png,2
f5260cb1-29bd-44d4-b7bb-24ab7447b052.png,2
21e5259f-cc0c-419c-a973-6b1829d5039a.png,1
5f9094ca-e18e-463b-8d57-aef54aecb057.png,1
e0f0c823-d077-4d1f-b079-04e00ef92e30.png,2
d4d1bf15-ea92-49d4-a9e0-d8c3b8e2e864.png,2
8be5199e-e212-42e8-a91a-0e8b424a1f16.png,2
f55c6af8-c6b4-4036-baca-2a87766afbe7.png,1
79edf2d0-ead7-431d-94ea-18f51a01d224.png,0
7ec4eb39-b0e4-40ce-a2d4-faa0a466c489.png,2
69f6a8cb-42ac-4bbb-9328-bb735234967d.png,0
d51878a7-c962-4855-9f4e-f5d61b1a5a06.png,0
2ed1027f-dcbd-4ef5-af8b-07d099c8cca7.png,0
62e5b19a-0ccf-47fb-8382-79e7ecf8022f.png,2
3a363b3a-8aa7-4eb9-a3cb-29bd5c1947e1.png,0
70d21fea-eba5-4500-9f55-6ba6896d3a54.png,1
781aee5a-ad79-4370-89e2-fc9e277230de.png,2
817b6767-56e8-4e7e-a5f9-79cda1010d68.png,0
2e0c881c-1068-4337-ae5e-ccf7df4924f2.png,0
0a4434d1-994a-461f-9110-7df927d23eca.png,0
c82d4afa-95be-4ff6-b4ae-5a44cd7b6acd.png,1
64ea7b95-62a1-49fb-97de-b702b026d60a.png,2
b66db5df-4820-4942-88a5-9343c21ca2c1.png,0
b9866767-81d3-4bca-aa34-23ed41357db8.png,0
3f55f644-f278-4488-a5be-290abd4fb6fc.png,1
30084a02-a090-4f90-bfc5-43c97c479df2.png,0
f0c3dc02-c4f8-45ce-92ca-910d738cf3da.png,2
1987e27b-2fb1-4e81-8b5f-b5b51388fee7.png,2
fab522e5-1600-4e9c-95a4-2c522147129e.png,0
753840d9-87ea-49f2-9e85-95360c11c74d.png,2
3c573da8-0abe-40fe-8375-9222f74c72c0.png,2
b0385cd1-fb86-41c1-98be-6c14b2675285.png,2
eb10052a-cead-4e1b-aa7a-4ce68d843ad9.png,0
ab6b897b-0ccc-441d-9d3b-9ac6be24af96.png,1
e6184043-f9db-40b0-a40f-1972ea94a772.png,1
0caaf782-dae5-408b-b454-83ed12ed553c.png,0
4a95c90d-7c17-4917-930a-835ddcea8b59.png,0
a118766a-cc45-45fe-893a-d01fb18ed96d.png,2
26ab406f-9927-485c-b9bc-ae35eeba719d.png,0
f8bc60bb-9677-4d4c-9a83-7f9e5a3ede12.png,1
b1c72493-4077-4847-9e04-215a9e92b9d9.png,2
517eb16a-9922-4b37-ad9e-b2d25adea2a4.png,0
c3aa59ef-e5bb-4fb9-a2c0-7b0fbc374a1e.png,0
2c33acb9-1a1e-4904-be76-3e5b1c011cb5.png,1
7e02c8c1-e7c2-4aa7-a460-fdd72cedc1f9.png,2
4128b138-bf99-46e3-a347-8b41f2023981.png,1
7453c9c3-8ebc-42b1-b866-5e813ff1254b.png,0
5c57eb93-057e-4a6f-a9de-65e62e89a6ed.png,0
24f3984a-264f-4171-8a0d-08aedb6e82cc.png,1
607b7b22-2d18-41d7-a02c-98871cecb536.png,2
cf97b941-af62-4976-920c-7748addb47c3.png,0
a5637759-e10a-4c64-9752-800f42bb7890.png,1
313e59a2-f546-45ee-9999-6d9d61eb8774.png,1
bc6699ff-bd73-4fcc-b1ff-18f9e8a541f8.png,1
d10320a3-8a21-406c-b13e-3f6d0062cf68.png,1
4a36acf1-f9e5-4053-b3cd-a586320c6b84.png,2
e090c65f-715c-4f85-8d52-9e8a4b5f9c24.png,1
4e02ffb3-04bd-4646-9561-2a4ae7a3d3fe.png,0
7fc4bd3f-84c0-4bed-9732-bacd8090661f.png,0
ec2597eb-9482-40ec-9966-80b38231f16b.png,2
76f1a8e8-455d-4614-8301-a06c54a1c8a6.png,2
02a49e9a-2a8c-4efe-8def-bf070553c66b.png,2
aee0ba17-9d25-4068-9fca-fb85dc34d926.png,2
af31dee8-81ea-4853-8415-a46760a55b8e.png,0
c41e63d4-9cb1-4b59-9245-6606596fb6ce.png,1
c9bbdda4-3080-4036-902f-4df3dffd1d40.png,1
41e39149-7f30-4761-b2bc-e91aae8f191f.png,2
2e8139fe-e75d-4776-b3b5-ab5c9fb8d4b8.png,0
a86e45c6-a279-41f6-ad58-f5e065b2e4c5.png,1
e0ad8c81-f297-4a6e-a8f3-0754358e5535.png,2
6a036e2f-5108-4482-bdb7-7a79990501f8.png,2
73cd3e91-2f5b-46f7-849c-230d3bb11ffe.png,0
51a3dfe4-7962-45a8-bf7d-7604ebd92165.png,2
e97c0337-28f6-4012-aba5-a631cb776246.png,0
047d4bc7-2753-4c4a-9136-8ea85bd3494b.png,1
663cf258-e2c5-4f4d-949f-25e36b19b289.png,1
244a603e-156e-47f8-8af0-cf0c596b0c6f.png,2
071c641d-2242-4baa-9ac6-2e25cf3cc829.png,2
b9a1f8c5-929c-4513-9e6f-46b9a77465af.png,2
97affdcd-26a1-4f29-a85c-ecb9ed6d216d.png,0
52949fbd-1243-4159-9df5-6402492ca612.png,0
edced19f-f47e-4c3e-9d5c-0525ec8f3b62.png,2
0ac33b9c-37e6-4aaf-a917-5c82c4c34aeb.png,2
50d8929c-5157-4f3e-9766-cd4326d18922.png,2
94e17c88-b37d-4941-aa32-fd19c1e84c4a.png,2
3e8e9f65-6f96-4845-bb8b-1bf766f8197e.png,1
cff716ad-b85f-40e5-ab1a-a0c576990442.png,2
2c1fd0db-689a-4f90-a550-0af12777a40b.png,2
4bf1d7a8-b904-4b4e-9f57-1ce3d3a085ec.png,2
2e0cf801-f436-4b12-8391-ef93aa012ab9.png,0
1374975f-6081-48de-ae74-745d0af15cc2.png,2
9f9dda0d-425b-4476-a9ca-723755d145d2.png,2
ab37ff0a-a574-425f-86ed-eb1183ade32f.png,2
31ccd55c-18db-494a-96f2-ce968d1d122a.png,2
3918d757-1b62-4489-b94e-52be346b544c.png,0
d9f0fa1f-c2a1-4a12-89ce-ab51a79a80da.png,2
92eae3b6-45c9-4b9b-8b29-fc3a0a5ac47d.png,1
3975864c-d9da-4362-9a06-e43988d094a9.png,0
107187d9-2833-4002-9b04-9d89b451c12b.png,1
2d4177f0-156d-4288-a472-1ca1d1a4e006.png,2
f3234331-1828-4e61-a6de-fcafd9ba9cdb.png,1
138664e3-c838-4cbc-ac42-e58bd42e937c.png,2
82e89b5e-4bcb-48bd-bfca-79d85f42cf6b.png,1
1cd6cf0d-e228-48e4-a964-f172a9a9bd76.png,1
2755d942-89cf-427c-9f5b-787eb6131739.png,2
6acac286-8b1e-401c-af79-029edea6a37e.png,0
66c64e18-fdce-4d79-bfdf-76ae89293c77.png,1
1a9e82f5-0228-4e49-a4c4-e73c4c46bad8.png,0
87e504ce-1c17-4c69-9535-99c6c379b61d.png,0
8988266f-8e67-47d8-831b-dc7053a3b34e.png,1
fd236d28-4f2e-4a08-a3b3-dfd00ef90bcc.png,2
d650e1f3-2231-4476-8005-05394e3b744f.png,0
0ae689d6-003e-4a09-ac78-dec5d639d8aa.png,1
91eca6b7-2d7b-4702-a365-798bcb6bb8fe.png,0
eeb44055-ea62-4d3d-80a2-4679ed95e829.png,2
86403806-a366-4154-b136-e9e57f71a837.png,2
504d39e0-d4f7-415f-be9a-f4fb7afe3780.png,2
bc9b944f-c6a3-45d4-93c9-6c608551e6e8.png,2
66d78e18-a347-4f18-a341-6840f5b3029a.png,1
66383fa3-dec6-4e8f-b21b-76e3482202f9.png,2
becfa316-c66b-4a01-8f90-1410bfba290b.png,2
b9668355-6f72-4b3c-9885-e9901e668738.png,2
a893b7e0-4bd3-43b4-b7bb-f1542119e1c1.png,1
2412a2ab-9c4a-463d-9c9e-78442e27a7f7.png,0
cf048f3a-6fa5-49d0-ae1f-18acb701001e.png,0
317ca102-1339-4f4a-add5-f00525139dd0.png,2
b0af70d2-4e3e-4f5f-8461-2c712eda833f.png,0
29c09a85-48c9-4572-8ba4-0fdb105fef51.png,2
378a91e6-882a-4ff5-80c0-63fc9c9a9d7d.png,0
480a202f-1cde-4b69-b8fb-04f3cbbc04a3.png,2
82d621dd-f00a-4b85-bc50-1ef8bb94c73b.png,0
c5c19ddb-917f-4389-a146-02b4eac2e8ad.png,1
1ca691e1-dda7-433a-b334-5e5bdca3aa0a.png,1
9d70773e-dcd9-469f-b897-59ef170d5c13.png,1
c2a663d6-d34c-41f2-a746-cfa4724eb58d.png,2
9814697c-9c02-4145-968f-86586800155d.png,1
934b45a8-4716-4e93-9ceb-5b43fa0d3875.png,2
a6d50103-18b6-45c5-86df-605bb0cebeff.png,2
32fc5015-b2c4-406b-8381-023f292faba1.png,1
051852dc-8caf-4d2a-bc40-47fa1c6386f7.png,0
6e96f611-e00c-44a3-b826-ad580e98686d.png,1
bcccd4b3-055c-4cac-a8ea-0d226c187782.png,2
b4cb8396-2b08-4b7e-bec0-94b8b02d25b4.png,0
590bbfbc-0160-41c4-8ff8-a84c008ba779.png,0
294a8a71-bf7c-4627-b25b-7c88efadd4b5.png,1
8b41bcd9-3182-4fde-962f-62e88a0bb8e4.png,2
18ab202b-df7a-47b0-b044-f29765623354.png,1
0be1bd38-a1be-4068-925f-38eb00fc3ce3.png,0
4528bbd1-2df1-4e76-8f42-ce0a539e832e.png,0
e62e54eb-878a-4369-a2e4-4a013e889897.png,2
007d3d37-b5b4-4dcd-8cc1-e0363c253eb3.png,0
b069acba-8d9b-4935-9af3-80a4ef70f8b6.png,2
d7aae31f-6afd-4346-acc6-9033296e44d5.png,2
a8f4c2dc-2bc1-4824-9dae-8912cf70ea88.png,1
9c88f367-c46e-40a4-9086-b124c7422b51.png,2
65ea60d8-737b-4961-8f44-a6f10ffc93bf.png,0
29fcd3e2-6ea4-4e17-b28f-c8c688b30922.png,2
6fa760a9-c19b-4e2a-b517-6bfad298345c.png,1
3a25be44-db98-4cde-be7b-15a3eefdf1cf.png,1
fe318a9e-8e49-4061-9805-aa2b2d6436ea.png,1
df40ae0a-e1cb-4d85-b4f1-7153e3b89773.png,0
62a73ff5-e498-41a8-9c02-8ab78068f766.png,0
f5b16d2f-e1fc-4171-8a23-792cac553173.png,0
7bd0a126-d086-44d6-b6e8-d3bd342f4b08.png,1
15534416-bf3a-4509-a66e-cec56852833e.png,0
1d3208db-a28f-47d0-9612-ad538172d09d.png,2
8ad634a7-f6a6-4d7f-a190-28e4e21e2ae4.png,2
d3c0331b-c002-4999-8fb3-0320e9bdb511.png,0
65cc59d6-2d52-4b16-a709-9d55c49943ce.png,1
6f1e2050-3f71-4dab-9ad1-36d67472bd84.png,0
c6e79a7b-f712-4813-8e01-009d8d59b363.png,1
130aef28-f920-41df-8035-c5551bd12715.png,1
817ed3f4-a9f0-4ec4-a7b1-85f6309b7234.png,1
e66aeaff-337c-4ef0-a827-67c0ca85a82c.png,1
2700b560-9bd8-4990-b786-834b39c1801b.png,1
d961cea0-8a62-4b5c-ac4b-7dbd1961da1f.png,1
394b5576-f887-4d7d-bb28-b3b18212f5df.png,0
7609c580-2fd4-4a8e-a5d0-6bcf596d88dc.png,0
db2be1be-ba73-4eb2-999f-46ebbcb760a9.png,0
534b3dbb-7a14-430b-8742-45861034794e.png,0
bc7d0e39-c3a6-43ce-b019-eca2b54fae0b.png,0
67f396b4-0510-4ebf-b347-fd7bf0e3b50f.png,0
7e35cb46-7b76-4a50-a549-84aef3e205de.png,1
0b1f7526-a690-43d0-9850-147b62b97bbf.png,2
b92d933d-a10f-43db-8169-9add6c286e65.png,1
2ac3aafc-94fe-4779-9355-652e5ec7a8f6.png,1
ef30681c-e61b-4afc-a282-84df019b2b5d.png,0
db36840c-19b7-4aaa-85cc-2c2d89c93243.png,0
3f532270-4432-4bd0-902f-1905a778f14e.png,1
209f9f95-9f04-4dd0-9337-27c0c533fd1e.png,0
f4dea863-71d0-44fd-9b50-9cd77793231f.png,0
eb108621-75ec-4919-9de5-388868e57a79.png,2
5a332b7d-1c54-4db8-b1dd-fdbb80cf9dc7.png,2
945dbe02-6b43-48f5-97ea-6d52f84dca4b.png,2
3f381a63-a4ac-4176-8882-7b82da6d33da.png,1
5995e5f4-4c85-45c1-b159-f8a48a802429.png,1
bc033a02-2d9e-4145-bf5a-c17aa926550e.png,2
b7584252-fd9c-4d09-8442-46cfacf14cbe.png,0
b3953089-2692-47e6-bb5c-c587d2689ad4.png,2
b2288b79-5e5f-47a9-a07a-93ea640ac369.png,2
88ab7afd-6635-4eda-926c-f96cf40e285f.png,2
9c9425d8-2bba-46f4-8383-1cda626cc54d.png,0
d455b87e-9322-4023-9a99-5017deb04c83.png,2
72be5fb8-52dc-483c-a36b-f12c181d8b09.png,1
81d9cff9-9de2-48ca-8edc-3a083442853a.png,0
f3d210db-e41f-4a4b-90c4-e57a97da6c23.png,0
39385322-537e-45ed-97ea-efa6299a19fb.png,2
6f6656b4-abd1-4dd5-85d8-1a459a3336ee.png,0
c395428a-024f-4385-a2ef-2b77a0d69a59.png,1
e2f7da51-4c40-4716-bcf8-fa8f71c01cb1.png,0
9b9abb6d-dc95-4d75-944f-12fc22f1e7d4.png,1
a09d63de-44a3-421a-b1ee-ea5105c0e8c6.png,1
9e0a294e-c3cc-4aac-a489-41f479a55d6f.png,2
fd0be52c-971b-4682-ac4d-181069793532.png,1
c3b44bae-101c-4fa0-8df4-8d1fff3c6eb0.png,2
6577aba9-9e65-49a5-92f7-d82a70186dce.png,1
00fc21fd-8ffb-4c0f-8587-29f37c03af35.png,2
751095ed-9864-4c1a-8827-1dd98da18439.png,2
7f7eedaa-ae01-4882-af9d-cdf04e9720a0.png,2
af826da0-5a18-4557-8f24-73da4141c9c5.png,1
48c31385-922b-46f1-99c1-75fd9e28984f.png,2
f41facd1-1344-42f6-869a-cda367d73e57.png,0
9bb718a5-cd7f-4010-b18b-eb4e8251afd9.png,2
4d617ffb-d8d3-4c89-810a-9f84cd4ebc4b.png,2
3e16918f-7648-48d7-a934-3f601ccfb86d.png,0
84dc5e33-7555-4a6c-96c1-de5749fa485d.png,0
34cd510f-57e6-4df9-a142-070ef197e38d.png,0
8953cabc-94de-420d-bbaa-e0a4660f1b0b.png,1
ff4b3804-1b58-49fa-8880-f906cef516c8.png,1
95935df6-c6c2-46af-8aff-e799617d7629.png,1
4a3e7903-43e5-47b9-8728-04aa88a0d69a.png,2
9adc8fe3-cad6-4b77-8287-413950e7ceb8.png,1
83c7f1d9-a3d7-4d9b-a9b2-97702aaa9394.png,2
0289a49c-e036-400d-a4fd-da37ce635ae0.png,2
1e46c88e-2bc0-40e4-b700-942853a0730b.png,2
0809c464-fc90-488a-a33b-b3e0d5f00f27.png,2
f60fdbf2-23b8-4542-a602-3be329fda256.png,0
66747987-658e-417a-8a01-7177756c1d0f.png,1
e6d7e558-9a11-4c5a-8d89-57fb4a357184.png,0
8b5b73df-d701-4ade-84a0-c5990fab3b92.png,0
d5647056-88de-4047-8543-646b2ddc3792.png,2
1ab84c1b-8524-4095-9bcb-31f340ae802f.png,2
8e687e83-0023-43a5-b8b0-42dac52a0570.png,0
8e382a3d-92b8-4f90-8a24-cbe1e0941981.png,0
cdf392f9-aa6c-4ab9-9ffb-ad3730a0d16d.png,1
4e1c6d6a-7b82-4f4c-9473-04460a88bdd7.png,0
8d129c6c-8a75-4c6e-9096-f682aab09b08.png,1
bca50ac2-9852-4535-9e6d-3d623ca97d02.png,2
dac7bffa-d55a-4290-830c-a1a07946293c.png,1
8da72e1a-1b21-4b27-beae-0fb8be56db4c.png,2
dd90fef2-fbf7-4d20-aa7e-95d258fe79a1.png,1
ecea934f-263d-479a-83ba-c96e3c8f5a90.png,1
5edce3b7-c9ce-462d-b273-b748f5cb2af8.png,1
0029691e-0c18-4305-8341-f831ea4a742b.png,1
584c3ee3-adfe-4110-8bc1-b150367d9aad.png,2
adc77c49-c280-4fd5-a3ef-c4d9b85f4790.png,0
e37b9630-9798-44e0-9a11-0a4f673e79fe.png,1
5b1bab8d-98b0-4e7a-874f-555dde9389de.png,2
e941cff1-046c-425d-b40b-d8b6a521f3ae.png,0
632cd092-5b80-4397-b347-e18df7dea35a.png,2
42d4c734-8ed6-4860-98da-fb7a4af3e1d7.png,0
d351df5f-310b-42d7-90b9-ae31c46ac405.png,2
aa3b3db7-8a96-4857-ba8f-39237032c8e2.png,2
4b50045e-fd93-44a1-a5af-12b1d83c575c.png,2
0d41de26-91c9-4644-b2e6-3a676e971b5a.png,0
e9faa206-7ad7-4ad5-82dc-09c180ade83c.png,0
a754251d-04fe-42e3-a98a-470cb894550a.png,0
29788933-78db-404e-87e3-c9551e49e6e1.png,1
cdbbbc7a-a48a-4be5-a0d0-dacc6a1917c8.png,1
a18abfa8-1ced-4991-87fe-b08e08f07b8a.png,2
5f5310d7-6d7f-40cd-b43c-4990c007e123.png,1
0c2fded5-1f74-409c-b01c-5226e3786121.png,2
4bae2c00-eb3f-4202-8579-609a3b1dfabe.png,1
4087550b-f80b-4a34-b31f-24084d927676.png,1
f02a1b37-9865-496f-99f8-d29021abbbf2.png,2
4635d22a-7be4-4393-a4b5-83300b1378a1.png,2
6c04399d-f466-444b-97cb-2f2eaa4ed133.png,2
669f5e4f-eddb-4d45-a702-d3cb8f021e9c.png,1
2a329b37-5fcd-49c7-aaa2-c166d1893aba.png,2
60b97459-09e2-456e-b0a3-be304d06b31c.png,2
20448d4c-c732-4a9b-8992-e0cc244a9ac8.png,1
581d0820-e900-42ed-92d7-ed321de883ef.png,2
df4b4c19-6faa-439b-98ec-5b6a9c7cf745.png,0
eeb450c8-50bf-4860-a30d-a62a7a49ae9c.png,0
2f2a2499-2da2-49cb-84a3-68646ceb9d92.png,0
1ff868e7-2e48-495b-9ae8-6239f05e6b17.png,2
3c64b7e5-54ef-4054-8206-ad9d9be6aa29.png,2
a5c3a0a9-a29c-4dbe-ae8f-0a8837280c98.png,2
cb0a7314-7088-4b5b-8b7e-40bda8efa221.png,2
4eab6bdd-7fb8-4b3e-8234-e83e0786bad1.png,2
4db70660-6388-4dea-a698-a3767afb83cc.png,0
c91463ac-af4a-4f31-89df-f7488a8b0677.png,1
390bde0d-98e7-492b-9f53-5718535fc8cc.png,2
2bb47785-5385-4e02-afe4-0ae899ccdde6.png,2
d15a1b21-d2f7-473b-991d-49fa18acf173.png,0
50029c14-39a8-4a83-88cc-f7ad3b54a3f0.png,2
14f32e9b-d497-4ff6-bd35-960301903474.png,1
55409902-4997-4fe3-a31e-388af82dd1f5.png,1
1a04409f-37d9-4c58-9902-bf0bba891427.png,1
dca261ea-d432-416a-b396-9a862a8daa45.png,0
00d9dc89-0e6d-42f9-988f-00a8e643b83e.png,2
20b2a35f-64f6-42b5-bfc7-6ec5bdb3a39d.png,2
17664a5a-f24e-4477-af51-5686a88db0f3.png,2
ede652f5-1167-41d8-9e71-a4acee367214.png,0
3ca0cbd6-78e8-4f15-8775-3db0b795e838.png,0
24a7dce4-a3dd-4a45-875f-7f94ec529f2b.png,1
7ea19c4a-769b-4641-b84c-0ee5a2206dd1.png,1
454c976e-c5bc-40a9-acf4-090928349f05.png,0
bb4400f1-8baa-4ca5-a47d-5fb6893bfecf.png,1
8e416029-58b4-4e1d-9e13-87b03f12cf6c.png,1
523c0ed4-acd3-4c0b-b65d-95c2522c12e1.png,2
2e52635d-2bc4-4319-9321-1cf18ddc5f0e.png,0
2b998363-4e26-4d3f-ab28-efa9959ee77e.png,2
23d34fb6-58a5-402e-9779-87b7ae6791cd.png,0
19f58e82-5008-406f-9bf5-aafeb67a3c07.png,1
809a794c-fa3d-4527-9d9b-a45067f4df95.png,2
9d6d37c7-5e45-42ec-bd3f-b84a53e39b1a.png,1
0e03622c-110a-456d-b2d9-32a41583367e.png,0
8772a3ba-0d5e-4574-aa8e-81315603534d.png,0
5cff7279-0c12-4a1d-a300-df89da07aa8b.png,0
4221ad1e-17be-460d-996a-d4754efac302.png,0
44ed3d94-4ea8-499e-b440-6c5f72bfa693.png,2
5dba2337-c3c2-4248-baf6-527f78bbd251.png,1
c5ba8420-5b4b-4466-b6fe-b3a6a37d299e.png,2
dfb44eef-7038-4338-8c2d-189b2422262e.png,1
da69aa76-be4c-4dc5-bb57-40e9876796d9.png,2
d550f98f-1cb4-40cf-8bb9-536fbb74a62b.png,0
1e7c30a0-7614-47f3-9817-3ad5ca1ac0b5.png,0
b3cbc1c4-4cdf-4ab5-94a0-f4355b3d7f2a.png,2
759f52c9-9232-4a95-bae0-1ea2ce4771b8.png,1
d8ef8f09-4a15-41ff-828c-92a6330e6bd9.png,2
0961b319-3403-4f08-9a60-7945e6bbba9e.png,2
82b3158f-7d03-4875-bb3a-ef0a5557bd35.png,1
31faf7e0-38e5-456d-87c0-c4df88c8e83a.png,2
6bd95a4f-37bf-4cbd-87a4-53041ff3a9f8.png,1
1192e4dc-c99a-4a60-9fb4-6e9e15490c7e.png,0
d353db1c-3d59-4f7b-b377-4ed1b039ba0d.png,0
99d2f7f2-eb1f-483e-856b-1c79a4f17bc1.png,0
efb3eb37-6d57-4fd7-aea5-f54bfafbb18e.png,1
818b0652-7974-4626-8352-a5d609954fc3.png,1
cfe4ce7b-2cd2-4623-a3be-6d6c88f25856.png,0
5a45b8cc-117d-4f63-8e8b-84ebe9e24240.png,1
8b160a4d-7adb-490e-ac91-0cd0cb5e0dab.png,1
49058e12-0277-4141-b240-ab1579a7e05a.png,2
2f17a43f-6f4e-4891-8e0a-c6f5d3c40794.png,0
503ef9cb-1006-47c7-af2c-65fa50e363d5.png,0
b106c45a-71f6-4ee9-9f4a-47062e795ba5.png,0
d4ec675d-53a3-439e-a899-98d64e444af9.png,2
53d2f38a-ed34-4d55-b673-f569a9305695.png,2
cfea3a8f-7b8d-432f-b9f7-113dba9bb777.png,0
0cccf76f-8309-4e3c-88c4-89bcce4766d1.png,0
dd0cd405-9084-46de-830a-d57d19fdaf3b.png,0
af80ccb1-6cc3-4925-9b32-92fd1b7d405e.png,1
477ab887-4ae3-4a94-b020-366c7a7634b5.png,0
166e6aeb-7f1e-41ea-a1ab-0704de8e2646.png,2
be07d0c9-7154-4572-baac-3fd3bc376bf5.png,1
97ad6a67-299f-4047-aefa-dcfa60ff9567.png,0
eea0e30e-96be-452e-a5c1-efd6cf1f5a98.png,2
3977c6c3-4f75-4392-bca7-e61410b7ca01.png,2
22f50db1-6563-47d9-904a-3a7335bc040f.png,2
41c7a406-9359-4b5d-9ac7-25209670efb3.png,0
cb3ada7f-a10d-4623-a046-2998e37f24d7.png,0
e7f1ec14-f8bf-491d-8311-fb266e153de8.png,1
966925ed-9c0e-4e5e-8d7b-03695769993c.png,0
076c1833-ca50-4117-95f9-6dfa933ac61c.png,0
0c586c0a-1cb6-417b-8974-52d8b082a958.png,0
571cdfbf-8dd9-4b83-9877-c24c8842955a.png,1
04579d6f-93d3-425a-ba56-04b37acd003a.png,1
d52939e5-3be4-4056-a7ea-6db48802bbd2.png,0
57232faa-b578-4525-af0a-c5d6ee5e1fb5.png,2
15c18944-b44b-4731-985f-014a29e9efa2.png,0
a9dfcc0c-68db-46b3-982d-f0788a51451c.png,2
4998ef25-e794-40ee-8a5e-d28785a63296.png,0
63ce0666-4b78-4b1f-a68a-84572b924e09.png,0
83bccfa8-f019-49d0-bc72-873246e53c29.png,0
9e876040-4c2b-424c-8446-a29ac6c753a3.png,0
d6e11e55-e6a4-443c-b06c-fdb6c046f297.png,2
7533c4df-b964-4bed-9d75-5e6cab84978c.png,2
2bb2c51f-7023-4aca-9ee6-fdea9534ee94.png,2
5ef59cd3-e078-42d6-a92c-b8ed8fa05149.png,1
7d82e0de-e3cc-4771-866e-f0cdd2ea243c.png,0
922e047f-b5c1-4af0-a296-884f541eb2a4.png,2
205cf4ec-8518-4eb4-8115-761359393a5d.png,1
1c751ad4-bdec-4a9d-84b0-249af208deed.png,0
2ddcc829-0d24-421d-97a3-5108d7b3c866.png,0
bec4ee08-70ec-49c4-924b-035f24b9be69.png,2
89efa861-bb2b-45a2-b677-7d6d95745ff7.png,2
a99e7d01-e5ae-41f3-a90b-98109bf4b57d.png,2
12f04460-d6ad-4137-a196-5413d881a73a.png,2
876080e1-4c9a-499a-a33d-9eb3d1eba173.png,1
9bc27450-a3a9-4472-b002-0f5e8a5acb4d.png,1
e61219b5-73ac-46e1-9c21-0944e84511a2.png,2
ed1d6d27-03ae-4a62-b64d-a24314faa0f5.png,2
877477ad-94a2-4b24-8028-286b5402b337.png,2
433fca8a-f72a-4b7a-aa78-b0884c9b9009.png,2
19504cc0-cf96-4bfa-9427-becdece9abc0.png,2
ed0c082b-cb78-47a9-8410-710eca3761d2.png,2
c2b35e09-7f10-4f15-acea-8e8a34c3ab73.png,1
feb2ac4b-85e8-40a2-a8ed-a191dfb48b5f.png,2
1ad4e764-85fb-44a6-bb67-24376426e700.png,1
37b71c72-b9e2-46e0-aea6-4fad153f7fee.png,2
8735b2bb-35bd-41ea-8799-6e3ba360c4cb.png,0
6f35fae2-c082-4f39-977a-e5a180b6068f.png,0
c67e0a01-1d34-4563-894f-f117d952e7bc.png,0
9c18e0ba-3eea-4cf0-93ff-d1ea14f872f6.png,2
d5942bb2-7ddf-4270-bc60-037efc6f2e6e.png,1
f1fc8f26-466d-49a5-946c-e13089ecde94.png,1
02e842bb-9391-4c8b-9628-c13eea9b85eb.png,2
bce642a4-05cd-4d7c-9231-6495e333b8d0.png,0
eabb42d6-a81c-4995-9e00-801dcb8052e1.png,2
b85acaf0-d7fd-4197-b750-6c46ddd0bcc0.png,2
2abb8747-d88e-4b86-a159-b48192a6dd56.png,2
77cf865f-71fe-4889-9af9-469ad55957c2.png,0
50cca99f-5ed2-465d-8c07-cdc393bc506c.png,0
6cdb930c-dc87-485e-8f6e-1e3025d6ad40.png,1
352d855e-95cf-4d81-ac47-016cecb359bf.png,0
5fa8c28a-ca10-4941-92b7-828638942fe2.png,1
a830b0ba-d43d-447d-a0c4-e0f916e4e6e7.png,2
89d8953b-812c-4a6f-be98-703f50261309.png,0
b8cf3f6a-c129-4e67-854a-778bc0383a81.png,1
030b23db-bfbe-4ca3-b610-350b76f53b65.png,0
5183c54f-ab3f-431b-960c-e979c4d0388b.png,2
65022273-ac5f-4726-a064-b2a131f5ee86.png,0
1f1d1b20-be91-4d2a-bf02-4c09051d1800.png,1
c98a2fa2-3dba-44d7-935f-52da1f324096.png,1
3fa58bda-02ab-4229-946f-192895a155de.png,0
202a9ced-885a-4b35-9b8e-e298f561f4c3.png,0
796c6ae6-fc19-485d-92d1-3d77da532699.png,0
ddbb5298-a575-4dda-a268-1c704eb00c3d.png,0
3e4c23fb-1f0b-4094-997c-e0cf50ad9cd5.png,1
92ef8d59-0ad1-47b6-ad35-20b7b937c04f.png,0
53fdb674-87f7-46a9-b0a9-5fc90f1f43a7.png,0
19df5a16-cc2f-45ed-88f6-8352d38bca4e.png,1
1f7e09de-b799-48b6-8095-fa69db07a2a9.png,1
0f9d7819-53e6-4977-888d-5d8d0aef77ed.png,1
36514258-4ca1-4720-a2b8-952ee11b1719.png,0
66849b64-34e2-41b8-b606-9f22b6f23b07.png,2
eec335f7-57df-4c9a-a7e0-fe2511d67820.png,0
87eb0127-c979-4f8f-8b8a-051ab27913d5.png,2
c1ed3940-610d-484a-b4a4-ed3c7f0643ea.png,2
709b5f65-ea3e-442f-a3cd-ec8466ed34e2.png,1
59430636-b0b1-49f7-b78f-78da14308e24.png,2
66a4372a-997e-43d1-b87a-d8968278e194.png,0
5a6d4596-3580-47d6-bece-ff5e917f61b3.png,1
0f735617-9e61-40dc-8c69-21373df359d6.png,1
5578126e-a06a-493d-81d2-3fc9b44df4b5.png,2
dfb2591d-f9b5-41db-925e-acaf8b67cdcd.png,2
f8930a13-d770-47c8-8053-9b74fa00a281.png,1
a203b5c1-5de1-4be7-9721-04cb6e21b4a2.png,0
aa68a301-734a-494f-8ab9-e0dff4a3ee30.png,1
55957cd1-a691-40e6-9600-b3cf3f0e3075.png,1
602596fb-d206-4a87-a2c6-0435dc5bb24f.png,0
916efd7b-7cc2-49b7-95b4-59923d49e4f8.png,2
ca33dd84-58c2-47f1-9b68-d4ee2f9997c3.png,0
613c9847-19ec-4e51-9d9d-dee1e09189f1.png,0
f4de6a69-6494-446a-bf00-5dab4a490f80.png,0
a8f75fed-0ae7-40f7-9d0a-afe2adc8a219.png,0
e9382f35-8210-4862-969c-15b2224f6444.png,1
2e8498c6-7c74-4b6a-b8b6-a2933d6f9aaf.png,2
288d6c65-daf2-471c-8736-591d74f9bd90.png,2
ff2c37dc-6bfc-4bd7-9831-3d758b719ba7.png,1
68ec88eb-60d2-442e-a670-af0fc40586bc.png,1
3fd6f99e-ea03-486f-97d6-6988013319d1.png,2
150b8146-856f-4c5c-ad55-b7414b842799.png,0
41a50d68-4140-4d41-8ea7-252160b1aac5.png,1
aed65001-b46d-4853-9126-ed1711958966.png,0
e4af65aa-08f3-43a9-9398-592b698681df.png,2
b252456e-ffc9-4f30-9f9a-8a331ad6ff7b.png,2
52c5be0f-f2e3-419a-b57a-7220763a4e61.png,2
55b2f82a-3469-40de-a442-c26ca27589cd.png,1
a28322e8-d171-404f-9f48-00048910d70e.png,1
d4073daa-68db-4370-8cb3-7187eb469b21.png,2
5f90ea2c-f9ae-4b30-8af8-75b243fe6d09.png,0
305c5d6f-0997-4b9a-9fdb-482df69d1805.png,1
00501cd8-8bff-45b3-8f6a-5979ab55db54.png,2
36c84263-fae9-4f9d-bd8b-d58a22a7899d.png,0
7c923cab-2488-4330-8399-5af3021e2689.png,2
2262dad8-6c16-478b-b562-43476b715b34.png,0
df5325cf-8255-4a9f-9b72-7254ef022c92.png,1
4258828b-a23e-489b-8367-70b21a3a1233.png,0
1db60efe-740a-48ad-8545-448dad2aa94b.png,2
3adbd2b2-943a-4af1-8146-3a0a8763edcb.png,2
361f448c-cb53-444a-9126-28f2978bd951.png,2
696932ac-9349-466a-8588-15b3ed335d5f.png,1
6b1b8c03-0b7e-4d79-8c1b-0d55933be58a.png,2
b1f6d38e-4297-4b04-a6f2-1e777ecbca9c.png,0
a8c649ab-eadd-46c6-9c4d-e578c19473fe.png,1
f716b195-a06f-4919-9b58-0ad0dc3a765a.png,0
91d5bfdd-00eb-45a9-ab7c-5618b12a8b02.png,0
895d603d-8172-413b-ac52-75582c77a125.png,0
f04084d0-4739-469a-9bb2-bf95c376caa7.png,2
c3e8212d-744f-4ff8-8257-7dd19d193891.png,2
c1204784-51e5-4918-9f04-ea9f4505f98e.png,0
db0dc10e-1ca4-4caf-99c1-3fccf5fe9cc4.png,1
d4d8c52e-d4c6-47db-bcb4-8481b4f82d12.png,0
bfa55677-89a2-4dad-9422-7d6dc454d1a5.png,1
d88a2b67-22c2-4a83-b424-0302e48bb336.png,2
4410d892-7419-4962-9f8f-a9dd7daf8db1.png,0
a44d3bc0-0572-457e-b250-d693e3656653.png,0
8d84067f-ce58-47fc-acc0-e350f7c40cb2.png,0
1eac66fe-fc30-477c-8f58-ed08f5b917b1.png,0
623d45f4-c1ef-4252-9b0c-6cadc9f12b09.png,2
455f8af7-d21d-437a-9504-882cd6d21f63.png,0
d439566a-c402-4a0b-b889-2fafc691a1ad.png,2
f275de56-4e18-4cc7-b3fe-09e708fd4865.png,0
c28fcc52-80fe-41cd-9734-aeb43550d3f7.png,2
81db9a62-10a4-47d5-a6b1-7ece85d0cf83.png,2
784aed02-8c62-4a8f-b49e-b0da7e509ec4.png,2
5bf0e042-bf56-4386-a6e2-e3f47174bbc8.png,1
bb77e34a-38f2-42b9-8310-6b55f638900a.png,1
48b1e8cc-679a-4d56-b6e6-222e3be9cfb0.png,1
03908f5a-7312-4621-b992-ce54c2cfa589.png,0
3b8846e6-1823-4790-8046-0d07d4539094.png,0
03305744-9ae4-46ba-8228-62c4b7ab7799.png,2
f12c2046-1cdb-46cb-a9c3-d3719f688611.png,0
833d19ff-3168-49f2-995f-0d20f3966a62.png,0
6b4c2dac-df93-4659-a30c-e666d36e7cca.png,0
8b81ea62-2fb0-4eaa-85ef-ea2af825a8bd.png,0
59432577-221c-48a3-a559-925520b203ce.png,1
f84a9bca-2ab7-413d-899b-316743b6c14b.png,0
115ca802-4310-457d-ac80-1a6f0a1dee98.png,1
dcc3645f-2b9e-4568-98ee-0d81a7bbc32d.png,2
15c211ca-e4f9-4eff-bb8e-8a91deb1289a.png,0
a701e867-b962-4064-88eb-f1789c787640.png,0
224a94a5-763a-4eaa-b340-fa855b2955f1.png,1
478d365f-c209-4ac4-84be-71b901dfe84a.png,0
b5100bca-0e7d-45c3-8509-c41e10f809ac.png,2
9770d013-b080-4995-bea7-ccb8b0ad194d.png,1
198640a1-45a9-47a0-b443-7813d6bfe645.png,0
454e1370-28d8-4df4-b710-3c3f90a58dd6.png,1
3d7d9e1e-c7e1-46e3-bf71-d4015f09058e.png,0
1345c526-a4ab-4e56-8d03-bd2fd7169b2a.png,0
b6ef2c43-7b93-4d83-9f13-08200f3b35f9.png,1
f46a9817-194a-489d-8f3f-be079dba68ea.png,1
24ea2f78-24fa-450e-ac70-d93aa260f227.png,2
f3be0191-8b42-4cfc-86ec-9b9cc02ac918.png,2
baedb7ab-965e-45d5-8735-93d177329dc5.png,0
26a97770-7983-4fc0-8eda-75d9bc41c770.png,0
41797153-fba3-4051-a3c8-4474be919354.png,0
6828e25c-9307-436e-aeec-de56dd94b1cc.png,1
5f89a98c-2d6d-42cb-aeee-dca934664ef1.png,1
d78c2051-7efa-40ae-bdea-42aa14003cbc.png,0
2f7e6184-24e7-4747-8b1f-999b4c6d98a8.png,1
d516f81c-43d8-415f-8394-c4d84a240d4b.png,0
ac672695-a54b-406c-b1a3-3f6de3dbe202.png,1
19848c74-6b51-4da0-ac21-d6c536c7b748.png,2
9f3204af-d414-463f-8898-010d1b9e2c84.png,1
4e33db37-3142-4d81-8912-fddc0d36d15b.png,1
19664504-6e7e-4978-869d-7b0161f03b99.png,2
0cdddf92-3711-4879-a1a8-d644b002c52e.png,1
8bd0d625-2639-4221-8312-615379927753.png,1
a71dc051-b1c8-4969-b2da-c793663c36c1.png,0
ee125271-ef2b-43e0-8e5b-f3282b7a523e.png,1
0823e20b-08ff-4421-876e-e7c026c53162.png,2
cadc3379-c788-4847-95d1-0dfc9834e02f.png,2
cd766247-e4ac-4a19-a413-93ca3c87b498.png,0
11f0a923-22b2-40bd-b8b0-67436a02c1e2.png,1
68c5eddc-3253-49fa-9c42-952b923cddb6.png,1
07fb3bdd-9559-4433-8b30-0329f55c12c6.png,0
79cdc59e-7700-4b66-96c6-5adb028dd025.png,1
0f57bc75-07af-4918-9020-036f9adbb8f1.png,2
22f5b1a9-3e4f-42ba-beb3-eae71885048a.png,1
90266418-cc45-420c-b48f-854e5562c4f4.png,0
cc6c7745-06a7-4afd-8327-aec2f737e8bc.png,0
76237f14-9d86-47ff-b758-16cf761df97f.png,1
c75861c1-c0ac-43e0-b083-807316e7d97b.png,2
2bf23fc0-7393-4a80-a783-621808dc05ef.png,1
34460c61-1bf1-47e1-97f1-33972905fe7d.png,2
90fdbb3e-6173-467d-9020-91168a608ef3.png,2
78fd3b16-8262-4a03-be45-43f40a8fc854.png,0
63cd0cb1-a7b3-46f9-9358-96aae2751ce6.png,2
1eb51009-2f85-46a6-a47d-2d527ee0938e.png,1
40fea948-d2d9-4f36-8de4-4f3a06633c73.png,0
b5bef85b-ec0b-4ca6-9ec1-6a3450f35bb4.png,0
6852c038-be54-4df1-8782-05fdc6026414.png,2
7ef86974-ffb0-4027-9ca3-d15acad743d3.png,2
8c128604-2acc-4fee-91c9-67441c67d4d6.png,1
1182d657-f6e3-45f3-be28-cbd9cec84000.png,0
746cff4e-019c-4251-9590-65fa795581fa.png,2
68353c7e-3eb0-49ec-8e6f-c9d441bff5b9.png,0
250b0aeb-fa76-41da-bbb6-4c040dc56a75.png,2
4d315b7c-c273-473b-b9bf-cccad336a508.png,2
ee409f44-c959-4659-9b59-1d884b0af1e0.png,1
5c4cbcb4-2f04-4f18-a1ba-0416e70320bd.png,0
65b63378-a5df-468a-97c4-8e8e24ebe8de.png,1
2e5b80a1-57a2-4d1c-a4e1-d1d903f10ab7.png,1
4516bb39-9674-4e86-a94f-82d936f4dd3b.png,1
f45045ad-2454-4c98-9510-71bcc15d3abb.png,1
aa10ce87-efbf-4921-a9f2-e2babb8999fa.png,0
45876487-9555-46a4-845b-44d9bafd2834.png,0
7232245c-d2c3-41c2-bded-abba4e1a7019.png,2
e220134e-7976-4bb0-97b2-abd8cc3effe9.png,2
05c95f58-9df5-4a21-a036-3d282e27c83f.png,0
6bb0c8a0-2ec0-410a-aca5-abd4354f7ca8.png,1
50d8ae13-5a66-4824-a021-6b00a43ccdd5.png,2
216bb956-ec46-4708-b982-9dd41828da8f.png,0
a6cbb287-1432-4972-a8b2-9ad37867340f.png,2
4cd3dfc4-d17e-4ecb-9a49-192f7732c94b.png,1
f8736e59-062b-46f0-8ea4-17feb85f0883.png,0
45358d5a-2249-4a0f-ad58-35f3f87e213c.png,1
b129a6a4-d3c0-46c5-984e-6851f2b158c7.png,1
59cb1e01-8a40-45cd-9597-b5085bed5760.png,0
21a44c4a-097c-463b-a1dc-1d581ca88afb.png,0
aadbb2fc-9331-453d-9b36-84b41b13a85f.png,0
ee1db5ee-f480-4b7b-91d5-d62b1c45cd81.png,0
d772aea9-ec14-4855-94d9-6516897a68c9.png,0
6e0bc459-ce30-46f3-abb4-ee3817467451.png,1
fe4d58c1-6794-46cd-a17e-e03a8a5db90b.png,0
bb859153-4918-4f40-b3ff-962ec1e81da9.png,2
e2888ddb-892e-4973-8d65-be9a9b4d6f3e.png,1
8e562fbe-7a9d-4ea0-815b-4add69e34120.png,2
e88668a4-e0f9-4296-8a89-b4606d8ec757.png,2
6bda623f-aca9-44d8-8381-863cfb0cd85d.png,1
611e5684-76af-43c0-b6c1-c052207ca173.png,1
0279d6d8-e869-48cd-8f0c-b156ffc6ce15.png,0
4fdcb645-44ec-49bb-8688-6817800d198e.png,1
82dc286e-060c-4ba5-8241-e3eb74c8a3a4.png,0
d2242ae5-7035-4ec5-bb10-8cbabfcbaa55.png,1
16ac92bb-f9f6-449c-8eb7-ae33a848096e.png,2
926730dc-1c0a-4411-9086-af36fa0a5de5.png,2
9ea56510-4aa4-4837-bd9e-3bb20853d212.png,1
15f3f9e1-2170-4f53-9137-8b3ed8abc155.png,1
0ce3dcce-0b2a-4994-8cff-a0376feb3d46.png,1
b9e1aa73-bcaa-4722-923f-720a675684ce.png,0
d2e9c930-eeec-475d-8772-36d0c39b7cb2.png,2
f977de8f-f140-413b-a4cb-bdb8c4beb48f.png,2
f6423513-9ba1-43ac-a49e-2575339c0ee9.png,0
d5672f5d-20bb-45b0-a015-7233baf90557.png,1
faca2c41-5377-4d9d-8911-7c2732878723.png,2
44de3376-8a53-4a16-8752-7e223aff81d1.png,0
72f4c4b3-453a-4e55-afe2-43b3828648b4.png,1
811143a5-0a00-4b04-b359-77e1f1cdf51a.png,0
92f72f86-3958-489b-9e05-4c8a28605c20.png,1
518d38f8-6904-4328-871c-db5df728a97a.png,1
25e591c8-2fff-4405-ae83-766e4639e799.png,2
2b0d5b1c-027d-4e84-9b0e-09ffb6e3f5d3.png,0
33057245-2a9f-4994-bf74-7a8a10e00199.png,0
afb29df9-7ddd-43dc-ba13-06b5be54b9d8.png,1
ddc096d2-25fc-450a-be17-56edf0553964.png,1
542fbdd4-e714-41a3-9bf9-bfad03b93598.png,2
c2e8a700-3548-4cd7-a0ef-27f80061a789.png,2
05476e17-0f9b-4aca-8081-a70437c200e3.png,0
607cbd33-84dc-4f4d-8c6d-5cde04a7083d.png,1
be6826d2-4aac-4fb6-8b14-5c963fa8a0e3.png,1
74147301-673f-41eb-be7a-f953b6dd7eec.png,1
9cb84018-1c79-4fe1-97ff-96423d40f9b0.png,1
85664da4-8422-4dc7-80dc-1d6c013c7d7c.png,2
9170d854-c734-417f-84a3-60a6925d5ff4.png,1
408b1ac0-1f0e-43aa-9709-0396ffd04fa6.png,0
00adad8f-cc5e-479b-a7fc-50e01e7e0e2d.png,1
db1a8e44-f477-4614-9463-9e5705ecad50.png,1
9155ed93-626d-4bf1-97a3-f0bed9b37816.png,0
26fb0b0c-a0b5-46c3-bdcb-3eb2c0c28c41.png,0
af7da5d4-238c-429d-bc2f-5047d205bba8.png,1
74ed53ce-ef0e-4fd3-b398-39aa7e95b992.png,0
ac5a61d3-94fc-4275-94e8-45bcbdfe7f18.png,0
93c16428-c5f9-4dca-b1f0-2b90882cbb08.png,0
b7636ce8-bd71-47cf-b5b7-7e0cba0ca93f.png,2
0247b04d-6361-4032-8b73-633f9e269012.png,0
563b0ab8-bba9-427b-8b8f-63c28ab1e605.png,1
d7b798ec-fd2e-43ed-8b17-74d44cda028a.png,2
dac5169d-f15b-454e-950b-1760f371c77e.png,2
6cddab56-8c30-4073-a8e4-c8deddd98c67.png,0
63754082-420d-4799-bffe-5b8b7ae32c9a.png,0
05e71b68-0cf8-42b3-8a66-c2113eb4a3ee.png,0
d7561954-d0e1-4881-98c2-fc34ebde34e7.png,2
46ff19b3-83da-40ff-96e8-9593f8f1e1f4.png,2
6f3f753b-3fc1-4984-b818-1f7aaf2e1558.png,1
b9175922-18c6-44ff-a3eb-ebd71e65ca50.png,1
72176085-f3fd-4abb-be8b-a891d5c4b30a.png,1
85fcfa18-189b-47a3-adf8-3de2151d892c.png,1
17abe966-517e-47c8-95cd-3d70e1e3afdf.png,1
a550a4d1-8e27-4044-9aa8-33b4a982d88e.png,0
5468edcc-4256-4c8d-b1bd-d56a5e8fb079.png,1
92c5d3d7-c25c-4ea8-a43a-c2d48051d262.png,1
266bb932-4f1d-423b-8e0b-08abf67d8488.png,1
a2cbc85c-3069-4e7c-84a6-dca6f908017b.png,2
aa2bcaa7-d90d-448d-8e0f-3a5342809061.png,2
341583df-5cee-4d7b-9183-8d860314f10f.png,1
471994c9-3d3a-49ab-833c-518f52eddbdb.png,2
724c5cd0-07ac-4372-a93e-e2d569b20a83.png,2
93231668-f185-4a7c-a004-0d0d5257c31b.png,1
488bd31f-4019-475a-98e4-18359b7215f8.png,1
45f97eab-b43c-4be2-a3fc-722194fe41ec.png,2
710dcbb7-6e93-4789-a788-32d0dcfca748.png,0
18721154-0dbd-484d-b753-3ff525f50323.png,0
4459e2fd-2350-4275-8cef-f4f40efdcce7.png,1
041aabfd-b894-4e59-a4da-b893e19896da.png,0
c51e21bd-b4d2-4229-a3a7-cc57cf63961d.png,0
b04fd83c-1773-4d21-a906-222b8a00cf6f.png,0
23451386-ebaf-4098-a6f7-12cc81ca7732.png,0
725d71f1-836a-4e1d-b8f5-3fd1a711fd90.png,2
49fafbef-c45d-4840-ac25-30fa98b1d51e.png,1
f60249b5-2637-4ce4-8049-f6b8f7d86a56.png,2
089f4c42-2407-4ed2-a41d-f3f9e403cbbb.png,1
e322544a-8034-4d4d-98be-184d87e7a66e.png,1
b056fa5a-4317-4be4-bf33-922b11ed5768.png,1
77b299e6-22cd-4c19-a7a3-3be5532394aa.png,1
5bc76084-e9a9-4188-8a27-b91a3a36fc4e.png,0
695db06d-3151-4b94-b88f-7584a31dcd15.png,1
ee38a9e9-f377-471a-a8e6-a63b4fc34028.png,0
7455c604-fee9-41f4-982d-45dc38e6a21b.png,1
1652142c-4b6e-49d5-8227-e56b04741ebc.png,0
fe13d91c-183e-4726-9ea8-428428d30ca3.png,2
23b590e1-f34e-4435-8f5d-0e9fc586e43c.png,1
1b705635-54fe-48cf-b383-1f178d399ec4.png,1
6b2e258e-afc6-4d34-9dbe-fabd8c881f36.png,1
2d3b840d-a0db-41ff-91c7-0935f03256d8.png,1
53ce202b-f97c-4b6a-a1ad-0addc94b12db.png,1
496ff6e3-0495-461f-9080-810858904829.png,2
65c7fb93-e46a-4676-9dc4-5dd4aa620cd9.png,1
0f92b3fb-081d-45b6-a224-81801d4ac6f9.png,2
381487da-2c42-47f3-9a03-718276f3304d.png,2
688cce17-6d2d-4c6c-83b6-6a270e2d79ba.png,2
20b6a33c-15d3-44dc-8dc4-aa1006062b52.png,1
24b0e62f-85ba-4504-be07-90f18fc23d26.png,0
16f89d97-0795-4c4a-962f-bcea7551eb4f.png,2
e849c066-bee2-4b33-a104-bf7ab9312771.png,1
e771c17c-fbcd-4fde-b354-38032cfffc6b.png,1
fd7e1648-bc29-4d8d-915b-3aca208d0d01.png,2
1192a38f-6d5e-420f-a08c-afbfecdbe3c7.png,0
0784781d-2006-4fdb-96ee-251359d12415.png,0
f24e1445-43b5-4ebb-a789-ff69a7a52a11.png,1
02f38593-5fcf-460e-b71f-e000884831ce.png,1
6f6afbe1-6dec-4f06-bc45-0b7c7f6d19a8.png,0
f4aa15ac-3971-43ef-9339-e78dc05db901.png,2
bb02e930-e426-4ae1-859b-7de8d09d1263.png,2
4230411e-c100-4cbc-b93a-d0a8e9d79f8f.png,2
0bc6e292-b9b4-46d3-a1bf-fb714fe2f053.png,2
a7b414b4-4e32-4993-a014-ec53f87c318a.png,2
fa7cf893-24f2-45fc-a4d2-48572d7e085d.png,2
3800da79-fcd1-43b7-ab41-168370972046.png,1
620072e0-4cc2-4118-a24e-ae81da2534f2.png,0
1b69000c-0670-40e0-b765-8613d34172ff.png,0
3c91accc-5538-4109-968e-8bf69f3df699.png,0
b81c14e5-7fcc-4b99-9dae-f60b01c08038.png,1
fba837a7-a03c-4494-8c6d-bed4be576fe1.png,1
4f22fd57-bb5d-43c5-b6cb-407134781d96.png,1
426cd241-261e-4c4d-9868-7bc07de7ca5a.png,2
f60ad0a3-8eee-4e95-9987-67113c20fe71.png,0
ffc9cf29-7dbd-40f0-9544-59026bfebd17.png,1
29c649ec-2b48-4034-88e5-e76e68eac538.png,1
19ffa018-c1c1-4a4f-915e-a371f0b10781.png,0
d37805ee-204f-4be4-adec-6f15bfdc2b0d.png,2
2eeaf8b3-f3e5-418a-ab0d-bf1175770452.png,2
00f899de-fca3-49e8-b3fb-f31264ecfbeb.png,1
6b161276-d8e8-4a7d-a459-1a9b82673f9a.png,0
ef58b690-632e-47ff-8f2a-5746b41ea125.png,2
c87df059-b2e3-464b-ae8f-d6ca59e0890f.png,0
db1df2c3-2713-4873-b3e4-613a6672cf51.png,1
139b4c16-fbca-4bdc-86ab-fedd21491f7c.png,1
e11b2f5a-9f14-456f-ad35-839bf4d62658.png,2
68a522b9-ff6f-46ca-a245-932771224f95.png,2
82b91686-7126-4537-8bb8-14ccda3069f5.png,1
ca44724a-4502-4c28-9824-a59edb33ce63.png,1
7792a78a-792a-43f4-8b1f-a8629fa0aa69.png,0
28de68ab-a992-4ca9-949c-eebdd472511a.png,1
352b6689-a39c-4730-8f62-06f19403ad3d.png,1
69ac030e-0958-46df-83d9-f8c35c922fa4.png,1
ce68210c-1bdd-4bea-aec2-1c06f99773b2.png,2
90ccd1e5-8027-49e5-8da5-98e482a06460.png,0
f93adb04-4d24-4ef6-be50-e2da7bbe4efe.png,0
502e5598-3c3c-4182-a024-4fcf25445d8c.png,1
35a02595-cfcb-4ed7-8599-9d7edd354aa4.png,2
b9def348-4ea7-4fb3-8dbb-d8ed4ebed7c3.png,1
c0ff979e-bd29-4827-a0f2-d1dc6b55ae42.png,2
f28dacb1-2701-46e4-8c35-00bd60df109a.png,1
561657a8-163d-4f6f-a69b-ded71c474b1c.png,2
d7ee15bc-6ecd-4788-a31f-6c0fca66b8b7.png,2
c04f4bd0-bcfe-4408-9ac7-25a740b60c17.png,0
41bc3273-5b5e-4d09-a9e3-74bd5b35300d.png,2
0466b04d-2c0c-4e4b-8920-aae993283178.png,0
b0e28479-a8f0-4513-a650-bc24f84b241f.png,1
a48fb9e9-4876-494b-8d10-4ac646c2f46e.png,1
1fac6d85-c433-44f0-9683-541bd1801014.png,0
9cca1eda-b5d3-4eb6-abab-2bc719e012e5.png,0
8bf4a93a-3210-488f-862c-13c37e390638.png,1
2591855b-87fc-4d1a-948f-0e3c8ce90fdf.png,2
db6fca27-00a5-4ee7-bfc3-8d4c76ae71ce.png,1
4e85661e-3bc6-44e2-add5-346eab2f4642.png,1
9635dc67-ad5a-4575-965d-6ed039b05c64.png,0
dfdabe67-801d-44d5-8999-9d27c9f8f4d6.png,0
2dc3e080-ce69-4f9d-80b0-4e3ddd2f1be8.png,2
844e21a8-873a-4a3c-9094-f482b959170a.png,1
6b766741-cd26-422b-9631-15d046f860a9.png,0
67b80731-fe39-4e8d-85f0-604a896e5e77.png,2
